{
    "success": true,
    "data": {
        "left": [
            {
                "nid": 0,
                "user": {
                    "uid": 0,
                    "firstname": "Bender",
                    "lastname": "Holman",
                    "avatar": "http://lorempixel.com/80/80/people/0"
                },
                "country": {
                    "countryid": 86,
                    "country_name": "China",
                    "flag_icon": "/upload/country/cn.gif"
                },
                "type": "photo",
                "file": "photo/10.jpg",
                "description": "#test #123 Cillum officia occaecat ullamco voluptate duis exercitation et dolor irure id. Laborum occaecat dolor consequat cupidatat reprehenderit nostrud tempor pariatur pariatur Lorem. Adipisicing ex eu deserunt adipisicing irure cillum sint id. Aliquip aliquip nostrud consequat amet exercitation do cillum adipisicing laborum cillum dolore amet. Id reprehenderit minim irure sint occaecat commodo minim ea exercitation reprehenderit et culpa. Ex dolore id Lorem amet aliqua dolor labore non. Qui veniam cillum in veniam amet ipsum ad officia mollit ullamco cillum consectetur aliquip.\r\n",
                "hashtag": [
                    "#test",
                    "#123"
                ],
                "comment_count": 641,
                "like_count": 140,
                "status": "1",
                "datetime": "1995-07-17T15:51:41"
            },
            {
                "nid": 1,
                "user": {
                    "uid": 1,
                    "firstname": "Daniel",
                    "lastname": "Cameron",
                    "avatar": "http://lorempixel.com/80/80/people/1"
                },
                "country": {
                    "countryid": 86,
                    "country_name": "China",
                    "flag_icon": "/upload/country/cn.gif"
                },
                "type": "photo",
                "file": "photo/7.jpg",
                "description": "#test #123 Cillum incididunt ea cillum amet eiusmod eu magna qui consequat ipsum cupidatat. Esse ipsum exercitation elit amet incididunt commodo commodo tempor fugiat deserunt reprehenderit cillum enim reprehenderit. Culpa commodo dolore commodo do magna voluptate. Commodo incididunt proident in mollit adipisicing dolore eu excepteur amet in do officia reprehenderit.\r\n",
                "hashtag": [
                    "#test",
                    "#123"
                ],
                "comment_count": 147,
                "like_count": 765,
                "status": "1",
                "datetime": "1991-01-19T01:38:09"
            },
            {
                "nid": 2,
                "user": {
                    "uid": 2,
                    "firstname": "Blackwell",
                    "lastname": "Harriet",
                    "avatar": "http://lorempixel.com/80/80/people/2"
                },
                "country": {
                    "countryid": 86,
                    "country_name": "China",
                    "flag_icon": "/upload/country/cn.gif"
                },
                "type": "photo",
                "file": "photo/10.jpg",
                "description": "#test #123 Aute veniam cupidatat dolore laboris. Consectetur culpa ut occaecat eu esse qui. Lorem labore sit voluptate nulla veniam proident laboris in enim duis. Consequat ullamco culpa fugiat incididunt eiusmod duis sunt cupidatat deserunt duis proident veniam adipisicing.\r\n",
                "hashtag": [
                    "#test",
                    "#123"
                ],
                "comment_count": 901,
                "like_count": 912,
                "status": "1",
                "datetime": "2009-01-30T00:39:26"
            },
            {
                "nid": 3,
                "user": {
                    "uid": 3,
                    "firstname": "Phelps",
                    "lastname": "Jodie",
                    "avatar": "http://lorempixel.com/80/80/people/3"
                },
                "country": {
                    "countryid": 86,
                    "country_name": "China",
                    "flag_icon": "/upload/country/cn.gif"
                },
                "type": "photo",
                "file": "photo/10.jpg",
                "description": "#test #123 Aliqua qui sit esse enim aute non eiusmod nisi occaecat incididunt enim sunt deserunt duis. Do sint ipsum voluptate magna irure. Ipsum ipsum qui anim culpa qui esse. Officia est deserunt esse officia tempor pariatur ea cupidatat dolor fugiat Lorem dolor anim. Nulla commodo officia ut aute excepteur fugiat sunt et eu ad. Magna deserunt duis esse deserunt.\r\n",
                "hashtag": [
                    "#test",
                    "#123"
                ],
                "comment_count": 438,
                "like_count": 675,
                "status": "1",
                "datetime": "2010-06-07T12:43:52"
            },
            {
                "nid": 4,
                "user": {
                    "uid": 4,
                    "firstname": "West",
                    "lastname": "Hunter",
                    "avatar": "http://lorempixel.com/80/80/people/4"
                },
                "country": {
                    "countryid": 86,
                    "country_name": "China",
                    "flag_icon": "/upload/country/cn.gif"
                },
                "type": "photo",
                "file": "photo/4.jpg",
                "description": "#test #123 Duis sit tempor aliquip velit mollit deserunt eu magna reprehenderit. Exercitation reprehenderit deserunt proident fugiat. Ullamco commodo et occaecat cillum ea deserunt culpa occaecat cillum minim exercitation labore nostrud tempor.\r\n",
                "hashtag": [
                    "#test",
                    "#123"
                ],
                "comment_count": 590,
                "like_count": 260,
                "status": "1",
                "datetime": "2001-09-03T14:35:47"
            },
            {
                "nid": 5,
                "user": {
                    "uid": 5,
                    "firstname": "Monroe",
                    "lastname": "Ericka",
                    "avatar": "http://lorempixel.com/80/80/people/5"
                },
                "country": {
                    "countryid": 86,
                    "country_name": "China",
                    "flag_icon": "/upload/country/cn.gif"
                },
                "type": "photo",
                "file": "photo/6.jpg",
                "description": "#test #123 Tempor commodo officia veniam sint dolore. In occaecat nostrud cupidatat qui. Pariatur tempor ea nulla exercitation labore. Laborum commodo qui qui anim Lorem deserunt. Cillum magna est do magna ipsum tempor. Mollit Lorem fugiat Lorem duis voluptate amet elit cupidatat nostrud.\r\n",
                "hashtag": [
                    "#test",
                    "#123"
                ],
                "comment_count": 907,
                "like_count": 549,
                "status": "1",
                "datetime": "1999-05-10T23:07:35"
            },
            {
                "nid": 6,
                "user": {
                    "uid": 6,
                    "firstname": "Whitney",
                    "lastname": "Donna",
                    "avatar": "http://lorempixel.com/80/80/people/6"
                },
                "country": {
                    "countryid": 86,
                    "country_name": "China",
                    "flag_icon": "/upload/country/cn.gif"
                },
                "type": "photo",
                "file": "photo/5.jpg",
                "description": "#test #123 Excepteur nisi commodo tempor incididunt et culpa irure ea in nostrud ea laborum velit. Minim labore cillum consectetur est dolore qui velit voluptate. Nisi nisi occaecat reprehenderit reprehenderit do ad labore aliqua consectetur deserunt ut veniam Lorem. Aute ea culpa adipisicing aute labore non ea. Velit enim irure ullamco id nisi dolore irure eiusmod. In occaecat magna labore deserunt magna excepteur ipsum enim labore.\r\n",
                "hashtag": [
                    "#test",
                    "#123"
                ],
                "comment_count": 300,
                "like_count": 43,
                "status": "1",
                "datetime": "1998-10-14T23:47:14"
            },
            {
                "nid": 7,
                "user": {
                    "uid": 7,
                    "firstname": "Coffey",
                    "lastname": "Kelsey",
                    "avatar": "http://lorempixel.com/80/80/people/7"
                },
                "country": {
                    "countryid": 86,
                    "country_name": "China",
                    "flag_icon": "/upload/country/cn.gif"
                },
                "type": "photo",
                "file": "photo/6.jpg",
                "description": "#test #123 Ut officia enim nostrud ex occaecat ex cillum adipisicing ad reprehenderit cillum eu in. Tempor ut elit esse deserunt sint. Nisi aliquip et voluptate commodo deserunt tempor cupidatat ea id non eu aliquip culpa. Ad nisi eiusmod pariatur ex.\r\n",
                "hashtag": [
                    "#test",
                    "#123"
                ],
                "comment_count": 237,
                "like_count": 911,
                "status": "1",
                "datetime": "1988-08-26T07:26:50"
            },
            {
                "nid": 8,
                "user": {
                    "uid": 8,
                    "firstname": "Zamora",
                    "lastname": "Roy",
                    "avatar": "http://lorempixel.com/80/80/people/8"
                },
                "country": {
                    "countryid": 86,
                    "country_name": "China",
                    "flag_icon": "/upload/country/cn.gif"
                },
                "type": "photo",
                "file": "photo/6.jpg",
                "description": "#test #123 Pariatur amet culpa ex et nisi sunt commodo commodo id commodo do. In cupidatat fugiat velit consectetur officia labore incididunt culpa id aliquip. Et esse nostrud laborum non nisi ipsum proident elit adipisicing minim occaecat. Duis id velit est minim est nulla proident laboris id anim ex esse. Nisi laboris voluptate incididunt aute dolore tempor voluptate elit reprehenderit voluptate proident et voluptate officia. Officia culpa enim aute in magna ipsum ea. Magna aliqua laboris consectetur et consequat.\r\n",
                "hashtag": [
                    "#test",
                    "#123"
                ],
                "comment_count": 516,
                "like_count": 716,
                "status": "1",
                "datetime": "2009-10-02T19:22:48"
            },
            {
                "nid": 9,
                "user": {
                    "uid": 9,
                    "firstname": "Stanton",
                    "lastname": "Priscilla",
                    "avatar": "http://lorempixel.com/80/80/people/9"
                },
                "country": {
                    "countryid": 86,
                    "country_name": "China",
                    "flag_icon": "/upload/country/cn.gif"
                },
                "type": "photo",
                "file": "photo/4.jpg",
                "description": "#test #123 Ad magna deserunt adipisicing sint. Magna sit labore aute laborum sit tempor. Eu aute amet elit velit eiusmod minim dolore enim ut reprehenderit eu do id. Fugiat ad magna occaecat dolore nulla consequat exercitation pariatur exercitation id exercitation consectetur deserunt. Non cupidatat fugiat elit ullamco fugiat nisi id nulla occaecat consectetur. Do Lorem proident aliqua aliquip. Labore culpa cupidatat exercitation aliqua do laborum veniam excepteur aute.\r\n",
                "hashtag": [
                    "#test",
                    "#123"
                ],
                "comment_count": 532,
                "like_count": 501,
                "status": "1",
                "datetime": "1996-04-06T11:47:49"
            }
        ],
        "current": {
            "nid": 0,
            "user": {
                "uid": 0,
                "firstname": "Garcia",
                "lastname": "Serrano",
                "avatar": "http://lorempixel.com/80/80/people/0"
            },
            "country": {
                "countryid": 86,
                "country_name": "China",
                "flag_icon": "/upload/country/cn.gif"
            },
            "type": "photo",
            "file": "photo/4.jpg",
            "description": "#test #123 Dolor qui ipsum voluptate minim deserunt aliquip aliqua officia dolore. Tempor do dolor voluptate tempor velit officia sunt. Ullamco officia sit proident quis excepteur. Amet ipsum ad esse ut quis veniam tempor sunt veniam velit proident ad voluptate irure. Adipisicing aliquip laboris ipsum est commodo cillum minim magna culpa. Amet esse adipisicing veniam quis culpa. Occaecat cillum elit esse officia cillum eu.\r\n",
            "hashtag": [
                "#test",
                "#123"
            ],
            "comment_count": 102,
            "like_count": 502,
            "status": "1",
            "datetime": "1988-01-26T20:39:04"
        },
        "right": [
            {
                "nid": 0,
                "user": {
                    "uid": 0,
                    "firstname": "Britt",
                    "lastname": "Nguyen",
                    "avatar": "http://lorempixel.com/80/80/people/0"
                },
                "country": {
                    "countryid": 86,
                    "country_name": "China",
                    "flag_icon": "/upload/country/cn.gif"
                },
                "type": "photo",
                "file": "photo/5.jpg",
                "description": "#test #123 Officia pariatur veniam commodo ex cillum consequat quis aliquip est eiusmod velit ullamco. Duis aliqua consequat ut esse sunt consequat adipisicing quis mollit nostrud id nulla consectetur. Nisi mollit enim tempor commodo incididunt pariatur irure mollit reprehenderit deserunt cillum. Culpa sunt anim ullamco sint elit ullamco cillum dolore aute. Reprehenderit occaecat nostrud ex officia est velit. Dolore aliquip adipisicing elit ad voluptate cillum quis nostrud velit exercitation deserunt.\r\n",
                "hashtag": [
                    "#test",
                    "#123"
                ],
                "comment_count": 47,
                "like_count": 928,
                "status": "1",
                "datetime": "2005-07-05T13:11:24"
            },
            {
                "nid": 1,
                "user": {
                    "uid": 1,
                    "firstname": "Harris",
                    "lastname": "Baldwin",
                    "avatar": "http://lorempixel.com/80/80/people/1"
                },
                "country": {
                    "countryid": 86,
                    "country_name": "China",
                    "flag_icon": "/upload/country/cn.gif"
                },
                "type": "photo",
                "file": "photo/9.jpg",
                "description": "#test #123 Ex minim incididunt excepteur amet laboris reprehenderit Lorem non officia aute ipsum deserunt et. Elit reprehenderit do nulla aliquip esse cupidatat ea sit sunt dolore duis deserunt enim. Et sit in amet tempor aliquip ullamco dolore. Nulla sit incididunt elit quis. Deserunt aliqua cupidatat mollit pariatur mollit magna consequat labore nisi do non esse occaecat. Deserunt ullamco ex irure ex adipisicing laboris excepteur ullamco enim qui in qui Lorem.\r\n",
                "hashtag": [
                    "#test",
                    "#123"
                ],
                "comment_count": 437,
                "like_count": 314,
                "status": "1",
                "datetime": "2001-11-22T01:11:05"
            },
            {
                "nid": 2,
                "user": {
                    "uid": 2,
                    "firstname": "Marquez",
                    "lastname": "Luna",
                    "avatar": "http://lorempixel.com/80/80/people/2"
                },
                "country": {
                    "countryid": 86,
                    "country_name": "China",
                    "flag_icon": "/upload/country/cn.gif"
                },
                "type": "photo",
                "file": "photo/9.jpg",
                "description": "#test #123 Excepteur ut nostrud et culpa sint culpa ad veniam cupidatat ullamco minim ipsum. Amet labore aute commodo culpa pariatur consequat officia consequat eiusmod. Aliqua occaecat irure sunt velit et consequat ea veniam fugiat nisi laborum. Veniam culpa officia officia minim ea proident. Laborum consectetur voluptate aliquip officia officia ullamco dolor voluptate deserunt excepteur ut elit. Reprehenderit tempor elit amet magna culpa pariatur nisi reprehenderit deserunt incididunt.\r\n",
                "hashtag": [
                    "#test",
                    "#123"
                ],
                "comment_count": 703,
                "like_count": 93,
                "status": "1",
                "datetime": "1991-05-13T14:48:35"
            },
            {
                "nid": 3,
                "user": {
                    "uid": 3,
                    "firstname": "Nolan",
                    "lastname": "Colleen",
                    "avatar": "http://lorempixel.com/80/80/people/3"
                },
                "country": {
                    "countryid": 86,
                    "country_name": "China",
                    "flag_icon": "/upload/country/cn.gif"
                },
                "type": "photo",
                "file": "photo/3.jpg",
                "description": "#test #123 In veniam voluptate et amet culpa pariatur excepteur. Deserunt minim ullamco veniam do id tempor incididunt quis laborum deserunt. Cupidatat non enim dolore nostrud fugiat enim amet veniam labore incididunt cillum.\r\n",
                "hashtag": [
                    "#test",
                    "#123"
                ],
                "comment_count": 313,
                "like_count": 326,
                "status": "1",
                "datetime": "1998-04-02T16:43:05"
            },
            {
                "nid": 4,
                "user": {
                    "uid": 4,
                    "firstname": "Bowman",
                    "lastname": "Lindsay",
                    "avatar": "http://lorempixel.com/80/80/people/4"
                },
                "country": {
                    "countryid": 86,
                    "country_name": "China",
                    "flag_icon": "/upload/country/cn.gif"
                },
                "type": "photo",
                "file": "photo/7.jpg",
                "description": "#test #123 Nulla labore proident velit eiusmod incididunt. Dolore consectetur dolor culpa dolore ipsum proident in magna ut do reprehenderit cillum anim. Anim minim et aute ullamco ullamco. Exercitation ea magna est cillum quis. Reprehenderit quis consequat anim anim occaecat nisi dolore.\r\n",
                "hashtag": [
                    "#test",
                    "#123"
                ],
                "comment_count": 145,
                "like_count": 91,
                "status": "1",
                "datetime": "1996-01-01T03:32:03"
            },
            {
                "nid": 5,
                "user": {
                    "uid": 5,
                    "firstname": "Garrison",
                    "lastname": "Kaye",
                    "avatar": "http://lorempixel.com/80/80/people/5"
                },
                "country": {
                    "countryid": 86,
                    "country_name": "China",
                    "flag_icon": "/upload/country/cn.gif"
                },
                "type": "photo",
                "file": "photo/1.jpg",
                "description": "#test #123 Exercitation duis nulla pariatur laborum cupidatat enim proident reprehenderit labore aliquip commodo tempor eu pariatur. Cillum ex duis aute nulla commodo et nostrud fugiat. Ea irure occaecat quis ipsum. Cupidatat nulla ut dolor exercitation sunt ad mollit pariatur pariatur commodo esse. Ut nulla pariatur esse aliqua fugiat fugiat laboris.\r\n",
                "hashtag": [
                    "#test",
                    "#123"
                ],
                "comment_count": 68,
                "like_count": 15,
                "status": "1",
                "datetime": "2000-09-13T09:41:29"
            },
            {
                "nid": 6,
                "user": {
                    "uid": 6,
                    "firstname": "Phillips",
                    "lastname": "Christie",
                    "avatar": "http://lorempixel.com/80/80/people/6"
                },
                "country": {
                    "countryid": 86,
                    "country_name": "China",
                    "flag_icon": "/upload/country/cn.gif"
                },
                "type": "photo",
                "file": "photo/5.jpg",
                "description": "#test #123 Exercitation est in occaecat magna velit commodo ut ipsum. Labore cupidatat et laboris ea deserunt. Tempor ad ea proident labore enim incididunt commodo proident est fugiat adipisicing. Voluptate elit culpa ex proident amet quis cillum ex consectetur magna sit excepteur. Ad eu velit reprehenderit ipsum. Id ullamco cupidatat occaecat veniam anim in est id proident cillum reprehenderit.\r\n",
                "hashtag": [
                    "#test",
                    "#123"
                ],
                "comment_count": 959,
                "like_count": 240,
                "status": "1",
                "datetime": "2007-03-02T20:02:50"
            },
            {
                "nid": 7,
                "user": {
                    "uid": 7,
                    "firstname": "Kirkland",
                    "lastname": "Julia",
                    "avatar": "http://lorempixel.com/80/80/people/7"
                },
                "country": {
                    "countryid": 86,
                    "country_name": "China",
                    "flag_icon": "/upload/country/cn.gif"
                },
                "type": "photo",
                "file": "photo/1.jpg",
                "description": "#test #123 Pariatur consectetur voluptate commodo consectetur amet esse proident. Cupidatat laboris pariatur tempor non eiusmod quis deserunt sit qui sit officia. Ad qui nulla mollit excepteur cillum sunt cupidatat voluptate qui laborum aliquip. Sint nisi nostrud in pariatur culpa nisi deserunt. Minim proident dolore labore amet esse dolor commodo proident sint occaecat proident deserunt duis.\r\n",
                "hashtag": [
                    "#test",
                    "#123"
                ],
                "comment_count": 672,
                "like_count": 711,
                "status": "1",
                "datetime": "2011-10-10T12:53:39"
            },
            {
                "nid": 8,
                "user": {
                    "uid": 8,
                    "firstname": "Donovan",
                    "lastname": "Craig",
                    "avatar": "http://lorempixel.com/80/80/people/8"
                },
                "country": {
                    "countryid": 86,
                    "country_name": "China",
                    "flag_icon": "/upload/country/cn.gif"
                },
                "type": "photo",
                "file": "photo/4.jpg",
                "description": "#test #123 Sunt cupidatat ipsum irure dolor amet irure est voluptate. Laboris nisi ut eu occaecat sint. Est velit aliqua officia culpa deserunt nisi ipsum sunt est non enim dolor sit sunt. Lorem id ex nulla cupidatat officia fugiat adipisicing ipsum cillum ad.\r\n",
                "hashtag": [
                    "#test",
                    "#123"
                ],
                "comment_count": 975,
                "like_count": 358,
                "status": "1",
                "datetime": "2007-03-13T21:11:39"
            },
            {
                "nid": 9,
                "user": {
                    "uid": 9,
                    "firstname": "Norris",
                    "lastname": "Rodriquez",
                    "avatar": "http://lorempixel.com/80/80/people/9"
                },
                "country": {
                    "countryid": 86,
                    "country_name": "China",
                    "flag_icon": "/upload/country/cn.gif"
                },
                "type": "photo",
                "file": "photo/10.jpg",
                "description": "#test #123 Consectetur et veniam incididunt qui mollit mollit elit. Deserunt mollit voluptate cupidatat et irure non esse officia veniam sit irure sunt. Mollit tempor cillum dolor amet enim fugiat amet do. Ullamco sunt officia aute pariatur amet velit. Sunt ex duis nostrud dolore aute reprehenderit aliqua commodo quis. Non eu pariatur aute nulla labore tempor.\r\n",
                "hashtag": [
                    "#test",
                    "#123"
                ],
                "comment_count": 3,
                "like_count": 869,
                "status": "1",
                "datetime": "1989-05-11T23:27:57"
            }
        ]
    },
    "message": ""
}