{
    "success": true,
    "data": {
        "nid": 0,
        "user": {
            "uid": 0,
            "firstname": "Valencia",
            "lastname": "Clarke",
            "avatar": "http://lorempixel.com/80/80/people/3"
        },
        "country": {
            "countryid": 86,
            "country_name": "China",
            "flag_icon": "/upload/country/cn.gif"
        },
        "type": "photo",
        "image": "http://lorempixel.com/400/400/abstract/5",
        "video": "/upload/v0.mp4",
        "description": "#test #123 Officia quis reprehenderit ex non et enim. Veniam ullamco non ea Lorem est nisi voluptate nisi amet nostrud veniam laboris culpa mollit. Qui Lorem non nostrud anim adipisicing aliqua veniam ex ut adipisicing tempor eu dolor. Et id Lorem est pariatur eu Lorem consequat esse ipsum excepteur magna cillum sunt. Id consectetur labore aute ullamco nostrud qui non occaecat minim nulla do ullamco cupidatat Lorem.\r\n",
        "hashtag": [
            "#test",
            "#123"
        ],
        "comment_count": 103,
        "like_count": 233,
        "status": "1",
        "datetime": "2003-10-15T13:51:18"
    },
    "message": ""
}