{
    "success": true,
    "data": [
        {
            "nid": 0,
            "user": {
                "uid": 0,
                "firstname": "Baker",
                "lastname": "Bates",
                "avatar": "http://lorempixel.com/80/80/people/0"
            },
            "country": {
                "countryid": 86,
                "country_name": "China",
                "flag_icon": "/upload/country/cn.gif"
            },
            "type": "video",
            "file": "video/1.mp4",
            "description": "#test #123 Est ullamco et quis proident nisi et ut mollit sint. Aute qui pariatur veniam est occaecat commodo incididunt reprehenderit adipisicing ea aliquip enim. Occaecat duis nostrud consequat excepteur consectetur dolore labore ullamco consequat Lorem labore ea do commodo. Fugiat quis sunt proident incididunt fugiat est velit. Aute esse ipsum sint adipisicing irure reprehenderit qui. Voluptate laborum commodo eiusmod magna.\r\n",
            "hashtag": [
                "#test",
                "#123"
            ],
            "comment_count": 729,
            "like_count": 722,
            "status": "1",
            "datetime": "1997-01-03T08:20:52"
        },
        {
            "nid": 1,
            "user": {
                "uid": 1,
                "firstname": "Savage",
                "lastname": "Bender",
                "avatar": "http://lorempixel.com/80/80/people/1"
            },
            "country": {
                "countryid": 86,
                "country_name": "China",
                "flag_icon": "/upload/country/cn.gif"
            },
            "type": "photo",
            "file": "photo/3.jpg",
            "description": "#test #123 Amet sit anim culpa eiusmod in dolor incididunt aute irure eiusmod elit do aliqua. Id deserunt excepteur consequat anim dolor elit ad magna reprehenderit sit ea enim. Aliquip est occaecat cillum est pariatur culpa quis proident nostrud eiusmod. Cupidatat voluptate adipisicing aute dolor dolor aliqua nulla ut aliqua tempor ad adipisicing amet.\r\n",
            "hashtag": [
                "#test",
                "#123"
            ],
            "comment_count": 896,
            "like_count": 33,
            "status": "1",
            "datetime": "2012-11-20T22:01:19"
        },
        {
            "nid": 2,
            "user": {
                "uid": 2,
                "firstname": "Grimes",
                "lastname": "Swanson",
                "avatar": "http://lorempixel.com/80/80/people/2"
            },
            "country": {
                "countryid": 86,
                "country_name": "China",
                "flag_icon": "/upload/country/cn.gif"
            },
            "type": "photo",
            "file": "photo/7.jpg",
            "description": "#test #123 Minim ipsum dolor voluptate laboris duis elit reprehenderit do velit ex. Reprehenderit officia ut culpa Lorem enim elit ut culpa. Officia eiusmod non in officia ut commodo sunt nostrud magna magna aliqua in. Magna quis Lorem sunt fugiat culpa ea voluptate mollit voluptate nisi culpa.\r\n",
            "hashtag": [
                "#test",
                "#123"
            ],
            "comment_count": 213,
            "like_count": 775,
            "status": "1",
            "datetime": "2001-03-24T17:16:27"
        },
        {
            "nid": 3,
            "user": {
                "uid": 3,
                "firstname": "Molina",
                "lastname": "Rogers",
                "avatar": "http://lorempixel.com/80/80/people/3"
            },
            "country": {
                "countryid": 86,
                "country_name": "China",
                "flag_icon": "/upload/country/cn.gif"
            },
            "type": "photo",
            "file": "photo/8.jpg",
            "description": "#test #123 Esse sunt ullamco laboris ex amet incididunt excepteur sit aliquip magna ea et reprehenderit. Cillum sit velit tempor aliquip incididunt irure fugiat id magna dolore qui reprehenderit nulla. Adipisicing enim proident pariatur minim.\r\n",
            "hashtag": [
                "#test",
                "#123"
            ],
            "comment_count": 418,
            "like_count": 960,
            "status": "1",
            "datetime": "1991-11-03T10:27:55"
        },
        {
            "nid": 4,
            "user": {
                "uid": 4,
                "firstname": "Ayala",
                "lastname": "May",
                "avatar": "http://lorempixel.com/80/80/people/4"
            },
            "country": {
                "countryid": 86,
                "country_name": "China",
                "flag_icon": "/upload/country/cn.gif"
            },
            "type": "photo",
            "file": "photo/5.jpg",
            "description": "#test #123 Commodo eiusmod deserunt velit ullamco cillum nisi sit qui est dolore enim tempor. Ipsum nulla laboris commodo laborum culpa. Est fugiat quis ex pariatur.\r\n",
            "hashtag": [
                "#test",
                "#123"
            ],
            "comment_count": 902,
            "like_count": 867,
            "status": "1",
            "datetime": "2008-10-04T22:46:05"
        },
        {
            "nid": 5,
            "user": {
                "uid": 5,
                "firstname": "Larsen",
                "lastname": "Foreman",
                "avatar": "http://lorempixel.com/80/80/people/5"
            },
            "country": {
                "countryid": 86,
                "country_name": "China",
                "flag_icon": "/upload/country/cn.gif"
            },
            "type": "photo",
            "file": "photo/9.jpg",
            "description": "#test #123 Proident ex consequat duis aute tempor. Elit ea commodo ullamco velit ad reprehenderit officia. Excepteur occaecat esse veniam aliqua dolor aliqua commodo reprehenderit sit commodo deserunt pariatur pariatur commodo. Cupidatat pariatur proident ex tempor officia laboris voluptate qui magna anim nostrud. Cillum est enim proident tempor est eu.\r\n",
            "hashtag": [
                "#test",
                "#123"
            ],
            "comment_count": 620,
            "like_count": 186,
            "status": "1",
            "datetime": "2006-05-02T06:40:06"
        },
        {
            "nid": 6,
            "user": {
                "uid": 6,
                "firstname": "Alvarez",
                "lastname": "Alexandra",
                "avatar": "http://lorempixel.com/80/80/people/6"
            },
            "country": {
                "countryid": 86,
                "country_name": "China",
                "flag_icon": "/upload/country/cn.gif"
            },
            "type": "photo",
            "file": "photo/4.jpg",
            "description": "#test #123 Id in sint minim occaecat occaecat laboris non proident exercitation fugiat aliqua mollit reprehenderit nisi. Quis enim velit elit tempor id consequat tempor tempor. Pariatur cupidatat fugiat commodo laboris sunt ut. Aliquip Lorem qui id duis excepteur fugiat magna ipsum commodo laborum laboris laborum. Aliqua sit qui officia sit reprehenderit id amet ad do laborum duis ullamco nulla. Consequat amet voluptate culpa do dolore anim velit nulla consectetur do ipsum adipisicing.\r\n",
            "hashtag": [
                "#test",
                "#123"
            ],
            "comment_count": 462,
            "like_count": 307,
            "status": "1",
            "datetime": "2000-07-27T13:01:44"
        },
        {
            "nid": 7,
            "user": {
                "uid": 7,
                "firstname": "Orr",
                "lastname": "Joanna",
                "avatar": "http://lorempixel.com/80/80/people/7"
            },
            "country": {
                "countryid": 86,
                "country_name": "China",
                "flag_icon": "/upload/country/cn.gif"
            },
            "type": "photo",
            "file": "photo/7.jpg",
            "description": "#test #123 Officia voluptate qui sint ex nulla ullamco quis non Lorem sit laboris dolore. Aute cillum deserunt enim ipsum ad deserunt excepteur laboris. Qui cupidatat consectetur dolore tempor dolor dolor labore voluptate ad in veniam esse enim excepteur. Veniam veniam nulla deserunt est duis est dolor aliquip pariatur nisi consectetur. Quis do dolor nulla exercitation. Deserunt ullamco nostrud mollit dolore ad minim.\r\n",
            "hashtag": [
                "#test",
                "#123"
            ],
            "comment_count": 283,
            "like_count": 477,
            "status": "1",
            "datetime": "1994-07-11T04:48:11"
        },
        {
            "nid": 8,
            "user": {
                "uid": 8,
                "firstname": "Franklin",
                "lastname": "Johns",
                "avatar": "http://lorempixel.com/80/80/people/8"
            },
            "country": {
                "countryid": 86,
                "country_name": "China",
                "flag_icon": "/upload/country/cn.gif"
            },
            "type": "photo",
            "file": "photo/7.jpg",
            "description": "#test #123 Excepteur elit deserunt Lorem amet excepteur nostrud sint qui laborum enim qui. Consequat ullamco ut ad amet. Veniam exercitation anim aliquip dolore. Laboris ipsum ex elit sit fugiat fugiat amet fugiat adipisicing commodo laboris deserunt cillum. Id sunt elit dolore eu aute veniam sunt mollit eu eu.\r\n",
            "hashtag": [
                "#test",
                "#123"
            ],
            "comment_count": 929,
            "like_count": 213,
            "status": "1",
            "datetime": "2010-04-30T05:23:01"
        },
        {
            "nid": 9,
            "user": {
                "uid": 9,
                "firstname": "Fuentes",
                "lastname": "Nancy",
                "avatar": "http://lorempixel.com/80/80/people/9"
            },
            "country": {
                "countryid": 86,
                "country_name": "China",
                "flag_icon": "/upload/country/cn.gif"
            },
            "type": "photo",
            "file": "photo/1.jpg",
            "description": "#test #123 Est aute fugiat ea ex deserunt veniam enim veniam ut reprehenderit ad cupidatat. Eiusmod laborum fugiat elit sunt. Cillum laboris culpa aliqua non et magna sit proident sit dolor non ea reprehenderit reprehenderit. Magna do ipsum culpa labore aliquip minim sit culpa culpa ullamco ullamco elit sint ex. Deserunt amet aliquip mollit anim est minim. Officia ut culpa consequat irure cupidatat mollit consequat cillum elit consectetur duis proident labore labore. Labore fugiat nostrud ex mollit fugiat labore laborum.\r\n",
            "hashtag": [
                "#test",
                "#123"
            ],
            "comment_count": 232,
            "like_count": 158,
            "status": "1",
            "datetime": "2011-09-13T03:38:28"
        },
        {
            "nid": 10,
            "user": {
                "uid": 10,
                "firstname": "Herman",
                "lastname": "Copeland",
                "avatar": "http://lorempixel.com/80/80/people/10"
            },
            "country": {
                "countryid": 86,
                "country_name": "China",
                "flag_icon": "/upload/country/cn.gif"
            },
            "type": "photo",
            "file": "photo/8.jpg",
            "description": "#test #123 Est elit velit incididunt consequat nisi in id. Culpa dolore pariatur dolor mollit voluptate. Exercitation ea consectetur aliqua ad sint dolore ex exercitation. Laboris irure aliqua sint laboris id ullamco exercitation aliquip sit commodo commodo incididunt ullamco. Non consectetur aliqua sit elit occaecat in non labore proident.\r\n",
            "hashtag": [
                "#test",
                "#123"
            ],
            "comment_count": 86,
            "like_count": 473,
            "status": "1",
            "datetime": "2011-04-02T01:31:51"
        },
        {
            "nid": 11,
            "user": {
                "uid": 11,
                "firstname": "Stein",
                "lastname": "Sparks",
                "avatar": "http://lorempixel.com/80/80/people/11"
            },
            "country": {
                "countryid": 86,
                "country_name": "China",
                "flag_icon": "/upload/country/cn.gif"
            },
            "type": "photo",
            "file": "photo/5.jpg",
            "description": "#test #123 Pariatur id minim qui fugiat sit dolore est duis velit duis exercitation do fugiat adipisicing. Nisi sit non id eu voluptate minim elit duis tempor sit. Consequat incididunt dolor deserunt commodo aliqua mollit exercitation dolore id occaecat velit est excepteur. Ut esse eu officia pariatur amet nulla proident dolor elit cillum. Proident reprehenderit elit adipisicing mollit non aliquip est.\r\n",
            "hashtag": [
                "#test",
                "#123"
            ],
            "comment_count": 342,
            "like_count": 459,
            "status": "1",
            "datetime": "2012-02-12T07:20:02"
        },
        {
            "nid": 12,
            "user": {
                "uid": 12,
                "firstname": "Pratt",
                "lastname": "Adriana",
                "avatar": "http://lorempixel.com/80/80/people/12"
            },
            "country": {
                "countryid": 86,
                "country_name": "China",
                "flag_icon": "/upload/country/cn.gif"
            },
            "type": "photo",
            "file": "photo/8.jpg",
            "description": "#test #123 Nisi aliquip officia ipsum ullamco culpa dolor magna fugiat officia Lorem. Consequat magna exercitation consequat veniam sit Lorem cupidatat mollit. Labore voluptate ut qui consequat nisi non velit. Cillum excepteur laboris nostrud magna exercitation esse. Anim esse id ad enim magna fugiat nostrud commodo cupidatat cillum et velit pariatur. Mollit Lorem do aliqua sunt sint ullamco.\r\n",
            "hashtag": [
                "#test",
                "#123"
            ],
            "comment_count": 212,
            "like_count": 996,
            "status": "1",
            "datetime": "2004-08-14T22:36:59"
        },
        {
            "nid": 13,
            "user": {
                "uid": 13,
                "firstname": "Bush",
                "lastname": "Susana",
                "avatar": "http://lorempixel.com/80/80/people/13"
            },
            "country": {
                "countryid": 86,
                "country_name": "China",
                "flag_icon": "/upload/country/cn.gif"
            },
            "type": "photo",
            "file": "photo/3.jpg",
            "description": "#test #123 Laborum Lorem eu proident consectetur in nulla laborum reprehenderit voluptate est dolore. Culpa mollit ut nostrud et sunt est fugiat non eu ex ullamco sit. Tempor ullamco et ad ad aliquip minim voluptate laborum cupidatat velit sint. Proident ad est Lorem magna.\r\n",
            "hashtag": [
                "#test",
                "#123"
            ],
            "comment_count": 907,
            "like_count": 111,
            "status": "1",
            "datetime": "1989-02-12T02:39:01"
        },
        {
            "nid": 14,
            "user": {
                "uid": 14,
                "firstname": "Freeman",
                "lastname": "Taylor",
                "avatar": "http://lorempixel.com/80/80/people/14"
            },
            "country": {
                "countryid": 86,
                "country_name": "China",
                "flag_icon": "/upload/country/cn.gif"
            },
            "type": "photo",
            "file": "photo/4.jpg",
            "description": "#test #123 Ipsum incididunt et excepteur esse ad non proident amet ipsum proident adipisicing nulla quis. Duis reprehenderit ullamco ad ad magna culpa ullamco. Excepteur culpa voluptate sint tempor laborum nulla nisi irure ipsum do culpa. Consectetur laboris id magna cupidatat ut ut sunt ea excepteur aliqua quis esse dolor. Magna anim minim Lorem minim sunt commodo sit eu. Officia incididunt est proident et voluptate voluptate aliquip labore dolor deserunt amet sit. Anim consequat est culpa magna culpa veniam fugiat nostrud excepteur.\r\n",
            "hashtag": [
                "#test",
                "#123"
            ],
            "comment_count": 176,
            "like_count": 639,
            "status": "1",
            "datetime": "2000-02-17T16:34:52"
        },
        {
            "nid": 15,
            "user": {
                "uid": 15,
                "firstname": "Everett",
                "lastname": "Alvarado",
                "avatar": "http://lorempixel.com/80/80/people/15"
            },
            "country": {
                "countryid": 86,
                "country_name": "China",
                "flag_icon": "/upload/country/cn.gif"
            },
            "type": "photo",
            "file": "photo/6.jpg",
            "description": "#test #123 Magna quis magna mollit commodo occaecat elit. Est cupidatat minim sit sunt cillum consectetur. Aliqua ut culpa non culpa aliqua nulla minim sint sint enim elit id ea reprehenderit. Ut ut magna sint sunt. Cupidatat magna ex ad fugiat consectetur Lorem nisi.\r\n",
            "hashtag": [
                "#test",
                "#123"
            ],
            "comment_count": 990,
            "like_count": 157,
            "status": "1",
            "datetime": "1992-05-22T17:56:39"
        },
        {
            "nid": 16,
            "user": {
                "uid": 16,
                "firstname": "Crawford",
                "lastname": "Sosa",
                "avatar": "http://lorempixel.com/80/80/people/16"
            },
            "country": {
                "countryid": 86,
                "country_name": "China",
                "flag_icon": "/upload/country/cn.gif"
            },
            "type": "photo",
            "file": "photo/4.jpg",
            "description": "#test #123 Dolore minim Lorem laboris velit velit. Et cupidatat proident cillum dolor enim velit in. Reprehenderit incididunt qui voluptate culpa labore nostrud eu adipisicing in mollit cillum. Consectetur do proident elit est laboris voluptate aliquip occaecat. Pariatur nulla in id mollit mollit dolor.\r\n",
            "hashtag": [
                "#test",
                "#123"
            ],
            "comment_count": 122,
            "like_count": 119,
            "status": "1",
            "datetime": "2009-10-04T12:34:03"
        },
        {
            "nid": 17,
            "user": {
                "uid": 17,
                "firstname": "Simpson",
                "lastname": "Palmer",
                "avatar": "http://lorempixel.com/80/80/people/17"
            },
            "country": {
                "countryid": 86,
                "country_name": "China",
                "flag_icon": "/upload/country/cn.gif"
            },
            "type": "photo",
            "file": "photo/5.jpg",
            "description": "#test #123 Ullamco anim sunt labore ea reprehenderit duis nisi pariatur mollit excepteur. Cillum voluptate mollit pariatur tempor nulla occaecat est fugiat et sit officia. Culpa minim amet tempor ut quis elit eiusmod in excepteur consequat labore cupidatat consectetur consectetur. Nostrud proident do veniam incididunt. Ex aliquip velit commodo officia cupidatat sunt et ipsum incididunt eiusmod. Aute occaecat incididunt sunt Lorem occaecat commodo reprehenderit ut sint Lorem. Commodo do eu sunt culpa pariatur.\r\n",
            "hashtag": [
                "#test",
                "#123"
            ],
            "comment_count": 790,
            "like_count": 810,
            "status": "1",
            "datetime": "1990-10-09T00:15:11"
        },
        {
            "nid": 18,
            "user": {
                "uid": 18,
                "firstname": "Robles",
                "lastname": "Camille",
                "avatar": "http://lorempixel.com/80/80/people/18"
            },
            "country": {
                "countryid": 86,
                "country_name": "China",
                "flag_icon": "/upload/country/cn.gif"
            },
            "type": "photo",
            "file": "photo/3.jpg",
            "description": "#test #123 Aliquip nostrud dolore consequat aliqua anim. Cillum et fugiat ex minim. Consequat aliquip sunt esse incididunt reprehenderit. Non cupidatat excepteur officia anim qui do.\r\n",
            "hashtag": [
                "#test",
                "#123"
            ],
            "comment_count": 145,
            "like_count": 514,
            "status": "1",
            "datetime": "1988-02-02T22:33:05"
        },
        {
            "nid": 19,
            "user": {
                "uid": 19,
                "firstname": "Sloan",
                "lastname": "Melisa",
                "avatar": "http://lorempixel.com/80/80/people/19"
            },
            "country": {
                "countryid": 86,
                "country_name": "China",
                "flag_icon": "/upload/country/cn.gif"
            },
            "type": "photo",
            "file": "photo/8.jpg",
            "description": "#test #123 Lorem enim mollit ad quis elit cupidatat exercitation voluptate enim ut dolor eiusmod irure elit. Enim quis deserunt Lorem occaecat labore ex in elit laboris. Quis pariatur et velit deserunt. Et adipisicing eu do cupidatat nulla veniam irure aute culpa anim magna irure nulla sint. Occaecat nostrud consequat duis irure elit elit aliquip enim laboris. Deserunt do nulla cupidatat ut dolore nostrud.\r\n",
            "hashtag": [
                "#test",
                "#123"
            ],
            "comment_count": 744,
            "like_count": 983,
            "status": "1",
            "datetime": "2008-09-02T07:06:08"
        },
        {
            "nid": 20,
            "user": {
                "uid": 20,
                "firstname": "Norton",
                "lastname": "Booth",
                "avatar": "http://lorempixel.com/80/80/people/20"
            },
            "country": {
                "countryid": 86,
                "country_name": "China",
                "flag_icon": "/upload/country/cn.gif"
            },
            "type": "photo",
            "file": "photo/5.jpg",
            "description": "#test #123 Fugiat est laboris dolor labore labore incididunt eiusmod Lorem deserunt proident. Laborum elit fugiat velit do sint deserunt pariatur id commodo culpa duis in. Proident enim labore nostrud officia adipisicing in. Irure est sunt Lorem cillum cillum cupidatat ea deserunt labore. Magna officia sint occaecat sit non labore officia ullamco sit non et tempor.\r\n",
            "hashtag": [
                "#test",
                "#123"
            ],
            "comment_count": 123,
            "like_count": 388,
            "status": "1",
            "datetime": "2000-06-06T08:32:00"
        },
        {
            "nid": 21,
            "user": {
                "uid": 21,
                "firstname": "Ware",
                "lastname": "Snow",
                "avatar": "http://lorempixel.com/80/80/people/21"
            },
            "country": {
                "countryid": 86,
                "country_name": "China",
                "flag_icon": "/upload/country/cn.gif"
            },
            "type": "photo",
            "file": "photo/2.jpg",
            "description": "#test #123 Consequat id esse do ex quis nostrud dolore reprehenderit veniam qui eu tempor mollit ut. Amet reprehenderit qui do culpa voluptate proident ea eu incididunt voluptate incididunt quis dolore. Officia do sit est adipisicing excepteur adipisicing irure ut ullamco et cillum. Laborum tempor dolor culpa nulla eiusmod ullamco quis ut aute exercitation ullamco reprehenderit anim cillum.\r\n",
            "hashtag": [
                "#test",
                "#123"
            ],
            "comment_count": 736,
            "like_count": 370,
            "status": "1",
            "datetime": "2012-05-25T11:00:30"
        },
        {
            "nid": 22,
            "user": {
                "uid": 22,
                "firstname": "Campos",
                "lastname": "Hebert",
                "avatar": "http://lorempixel.com/80/80/people/22"
            },
            "country": {
                "countryid": 86,
                "country_name": "China",
                "flag_icon": "/upload/country/cn.gif"
            },
            "type": "photo",
            "file": "photo/4.jpg",
            "description": "#test #123 Exercitation sunt labore amet proident eiusmod ut. Nisi proident deserunt ipsum ad est minim et minim consectetur amet fugiat laborum consequat. Quis ad non ullamco laborum eiusmod Lorem sunt commodo velit.\r\n",
            "hashtag": [
                "#test",
                "#123"
            ],
            "comment_count": 886,
            "like_count": 485,
            "status": "1",
            "datetime": "1991-09-26T11:12:30"
        },
        {
            "nid": 23,
            "user": {
                "uid": 23,
                "firstname": "Hanson",
                "lastname": "Riggs",
                "avatar": "http://lorempixel.com/80/80/people/23"
            },
            "country": {
                "countryid": 86,
                "country_name": "China",
                "flag_icon": "/upload/country/cn.gif"
            },
            "type": "photo",
            "file": "photo/4.jpg",
            "description": "#test #123 Est elit fugiat cillum eu non duis. Eiusmod enim in qui voluptate ipsum officia minim enim cupidatat id. Ullamco elit quis aute velit sint aliqua exercitation ad dolor. Esse quis et deserunt elit nisi ad irure exercitation aliquip in consequat.\r\n",
            "hashtag": [
                "#test",
                "#123"
            ],
            "comment_count": 283,
            "like_count": 314,
            "status": "1",
            "datetime": "2004-04-30T00:23:44"
        },
        {
            "nid": 24,
            "user": {
                "uid": 24,
                "firstname": "Marks",
                "lastname": "Marianne",
                "avatar": "http://lorempixel.com/80/80/people/24"
            },
            "country": {
                "countryid": 86,
                "country_name": "China",
                "flag_icon": "/upload/country/cn.gif"
            },
            "type": "photo",
            "file": "photo/6.jpg",
            "description": "#test #123 Ex aute mollit amet elit enim do exercitation tempor in enim aliquip. Fugiat Lorem dolor sit exercitation exercitation elit ullamco amet consectetur quis. Duis eu laborum minim ea aliqua mollit dolore nisi elit nostrud laboris ex. Tempor id dolor elit pariatur laboris Lorem aliquip labore est non et excepteur dolore consequat. In enim ea dolore adipisicing occaecat non ut duis officia Lorem ipsum officia labore labore. Do fugiat duis mollit minim deserunt dolore. Anim nisi ex non dolor sit nostrud amet aute et do quis.\r\n",
            "hashtag": [
                "#test",
                "#123"
            ],
            "comment_count": 735,
            "like_count": 435,
            "status": "1",
            "datetime": "2006-05-12T00:35:16"
        },
        {
            "nid": 25,
            "user": {
                "uid": 25,
                "firstname": "Short",
                "lastname": "Payne",
                "avatar": "http://lorempixel.com/80/80/people/25"
            },
            "country": {
                "countryid": 86,
                "country_name": "China",
                "flag_icon": "/upload/country/cn.gif"
            },
            "type": "photo",
            "file": "photo/10.jpg",
            "description": "#test #123 Ullamco sit aliqua Lorem fugiat nostrud ut. Amet ex sint minim cupidatat duis ipsum est mollit deserunt do sunt sint irure. Occaecat irure est eiusmod aliqua. Culpa nostrud dolor culpa Lorem enim sit ad voluptate consequat. Labore veniam elit aliquip proident officia officia ea fugiat aliqua duis pariatur aliquip.\r\n",
            "hashtag": [
                "#test",
                "#123"
            ],
            "comment_count": 336,
            "like_count": 346,
            "status": "1",
            "datetime": "2007-12-12T00:27:29"
        },
        {
            "nid": 26,
            "user": {
                "uid": 26,
                "firstname": "Mclaughlin",
                "lastname": "Richards",
                "avatar": "http://lorempixel.com/80/80/people/26"
            },
            "country": {
                "countryid": 86,
                "country_name": "China",
                "flag_icon": "/upload/country/cn.gif"
            },
            "type": "photo",
            "file": "photo/3.jpg",
            "description": "#test #123 Voluptate esse eu officia ea minim commodo pariatur esse officia dolore. Minim id ipsum enim laborum sint aliquip sunt qui magna. Velit elit reprehenderit voluptate anim dolor adipisicing qui. Officia proident ex eiusmod officia laborum non ut voluptate consequat elit consectetur. Incididunt in do deserunt anim esse est esse labore incididunt anim.\r\n",
            "hashtag": [
                "#test",
                "#123"
            ],
            "comment_count": 468,
            "like_count": 233,
            "status": "1",
            "datetime": "1999-10-20T05:28:56"
        },
        {
            "nid": 27,
            "user": {
                "uid": 27,
                "firstname": "Mosley",
                "lastname": "Jerry",
                "avatar": "http://lorempixel.com/80/80/people/27"
            },
            "country": {
                "countryid": 86,
                "country_name": "China",
                "flag_icon": "/upload/country/cn.gif"
            },
            "type": "photo",
            "file": "photo/10.jpg",
            "description": "#test #123 Dolore sint labore elit labore eiusmod commodo nisi adipisicing. Aliqua pariatur proident sint ex irure deserunt veniam. Lorem sit labore quis laboris nisi ullamco sit consectetur.\r\n",
            "hashtag": [
                "#test",
                "#123"
            ],
            "comment_count": 154,
            "like_count": 857,
            "status": "1",
            "datetime": "1999-06-24T13:25:43"
        },
        {
            "nid": 28,
            "user": {
                "uid": 28,
                "firstname": "Barrett",
                "lastname": "Keri",
                "avatar": "http://lorempixel.com/80/80/people/28"
            },
            "country": {
                "countryid": 86,
                "country_name": "China",
                "flag_icon": "/upload/country/cn.gif"
            },
            "type": "photo",
            "file": "photo/3.jpg",
            "description": "#test #123 Irure Lorem id eiusmod reprehenderit occaecat adipisicing dolore ea cupidatat enim reprehenderit ullamco dolor. Ullamco adipisicing culpa irure voluptate nisi qui officia cupidatat exercitation ex. Veniam duis ad in dolor laborum labore proident. Ipsum cupidatat cupidatat proident velit sint proident est do amet mollit. Ex consectetur esse consectetur anim dolore minim veniam ut excepteur velit dolor. Ipsum cupidatat nisi occaecat culpa sint duis laborum aliquip Lorem sunt adipisicing elit. Eu in ipsum occaecat eiusmod enim proident id in pariatur excepteur mollit officia.\r\n",
            "hashtag": [
                "#test",
                "#123"
            ],
            "comment_count": 47,
            "like_count": 834,
            "status": "1",
            "datetime": "1997-11-27T20:12:20"
        },
        {
            "nid": 29,
            "user": {
                "uid": 29,
                "firstname": "Salinas",
                "lastname": "Bradford",
                "avatar": "http://lorempixel.com/80/80/people/29"
            },
            "country": {
                "countryid": 86,
                "country_name": "China",
                "flag_icon": "/upload/country/cn.gif"
            },
            "type": "photo",
            "file": "photo/6.jpg",
            "description": "#test #123 Exercitation id dolor aliquip tempor est non labore. Aute dolore veniam ut enim tempor aute laborum magna et exercitation excepteur. Eiusmod do exercitation consectetur mollit sit deserunt incididunt ut ullamco culpa non laborum id. Aliqua irure sunt aliquip non id minim cillum qui ullamco non officia duis non aute.\r\n",
            "hashtag": [
                "#test",
                "#123"
            ],
            "comment_count": 451,
            "like_count": 84,
            "status": "1",
            "datetime": "2002-05-28T09:09:01"
        }
    ],
    "message": ""
}